{"graph": {"_type": "graph-file", "path": "media/graph/graph_summary_faa408a7.graph.json", "sha256": "faa408a750f7d8241e1aac6d76b510521a96d40ae46417277dae15e1d8ea0edd", "size": 2757}, "_timestamp": 1587841272.4767363, "epoch": 50, "accuracy": 0.05014701560139656, "val_mse": 0.013032316230237484, "val_loss": 0.2607412338256836, "_step": 50, "val_l2_norm": 0.011088130995631218, "mse": 1.108208266487054e-06, "_runtime": 6541.0465433597565, "loss": 0.004984846610265474, "val_accuracy": 0.08294677734375, "f1_score": 1.0, "val_f1_score": 0.021929772570729256, "l2_norm": 3.316358743177261e-06, "best_val_loss": 0.06948423385620117, "best_epoch": 0}
