,f1_score,err_coordinate,weighted_average
count,18.0,14.0,14.0
mean,0.03022438618043405,1.4878298616728067,1.2244849682918384
std,0.031702771739509236,0.524612726635705,0.25726387094256953
min,0.0,0.700139938440286,0.8404081334713507
25%,0.01182391462527286,1.1510254915624516,1.0642836187467721
50%,0.02274337993685974,1.4632937239461674,1.214798458241241
75%,0.043284306405853366,1.706895106733847,1.2969584944776844
max,0.1348314606741573,2.748989729200535,1.8581014219773166
