,f1_score,err_coordinate,weighted_average
count,18.0,13.0,13.0
mean,0.04232552646447875,1.8257154008095873,1.3835554128524623
std,0.04109448846102935,0.39329928421196236,0.19603243372992532
min,0.0,1.012377439199098,0.9936101032473478
25%,0.004385964912280702,1.6533056205829229,1.3008463586785581
50%,0.04073298788648296,1.8557100701425269,1.3626376437669157
75%,0.05981486923302967,2.121003313414025,1.5368330176537581
max,0.1348314606741573,2.4330014999112413,1.7062966683229677
