,f1_score,err_coordinate,weighted_average
count,10.0,7.0,7.0
mean,0.04567114290159373,1.6838762785595045,1.3093158943500425
std,0.04059883279305861,0.5055232686284119,0.2595344319924676
min,0.0,0.9818903378353983,0.9489871269596571
25%,0.007731958762886598,1.383350556473197,1.1597707959504366
50%,0.0424949582252953,1.6631441393631898,1.2714216937417453
75%,0.07231214936080198,1.96770166341848,1.4610586319824979
max,0.12030075187969926,2.4399950329345894,1.7031435838830251
