,f1_score,err_coordinate,weighted_average
count,18.0,12.0,12.0
mean,0.04181467394862944,1.7213989760897261,1.3293384825833912
std,0.04640680126638678,0.5490884692396709,0.28571902595429816
min,0.0,0.9013878188659973,0.9407929193339888
25%,0.0,1.4083578083349684,1.1567820214735711
50%,0.02749223045661009,1.7802777453483491,1.33809575813106
75%,0.07213286077789895,2.0565404696624165,1.51163550508362
max,0.14864864864864866,2.4399950329345894,1.7062966683229677
