,f1_score,err_coordinate,weighted_average
count,10.0,4.0,4.0
mean,0.021788491374957537,1.7799559207377817,1.362742346150194
std,0.03900841444399442,0.5474291456890205,0.2806152452541141
min,0.0,1.1742156707319529,1.0732189464770876
25%,0.0,1.5409120222053805,1.221871006925581
50%,0.0,1.7228040061095868,1.317721372907998
75%,0.024679487179487175,1.9618479046419879,1.458592712132611
max,0.12030075187969926,2.5,1.7423076923076923
