,f1_score,err_coordinate,weighted_average
count,10.0,9.0,9.0
mean,0.028575491702972196,1.6211413911861214,1.2946954224247427
std,0.0183888110969933,0.4545594814048774,0.22522386840867845
min,0.0,0.9013878188659973,0.9407929193339888
25%,0.016228690538226755,1.3331249999999955,1.1501690573770469
50%,0.0267921146953405,1.6533056205829229,1.3008463586785581
75%,0.041345892582193636,2.0155644370746373,1.4943927404184996
max,0.05780346820809249,2.2301746782668106,1.6021841133269537
