,f1_score,err_coordinate,weighted_average
count,18.0,13.0,13.0
mean,0.042192091430825744,1.6384571330539226,1.2900186570748515
std,0.047107359997509715,0.4471571259554354,0.23018851880367877
min,0.0,0.9571067811865341,0.9574266300298868
25%,0.002824858757062147,1.517123975253456,1.2079290762343229
50%,0.03235157699443414,1.5944437966803353,1.2691777612938373
75%,0.05195737103675551,1.8794558490422537,1.4244218020721473
max,0.14864864864864866,2.5,1.7423076923076923
