,f1_score,err_coordinate,weighted_average
count,10.0,6.0,6.0
mean,0.03192355769881234,1.277390675395361,1.1120923729486702
std,0.03969278744228709,0.262143640467068,0.11623712052523615
min,0.0,0.9013878188659973,0.9453175653469772
25%,0.0,1.1320794092454283,1.0535313378221787
50%,0.017424536857105842,1.2651033762566453,1.1019230331575625
75%,0.052398989898989896,1.4768407518854263,1.1886035871352516
max,0.10126582278481013,1.5975915169895023,1.2684927281917209
