,f1_score,err_coordinate,weighted_average
count,32.0,32.0,32.0
mean,0.6768818227774076,0.52742631792969,0.42527224757614124
std,0.03550990870460617,0.02695528030918065,0.020060518554944142
min,0.5857740585774058,0.45161230753381154,0.39321585436260964
25%,0.6519231421928827,0.511512421331167,0.4081883939385633
50%,0.6820264115372079,0.530536930452434,0.4253190202831829
75%,0.7043458067940552,0.5474296205971521,0.43567227681101284
max,0.7348643006263048,0.5641566681135841,0.4693526708897893
