,f1_score,err_coordinate,weighted_average
count,64.0,64.0,64.0
mean,0.675035039041618,0.6489702612656624,0.48696761111202214
std,0.029550203079723485,0.03840687664284175,0.022980040787840116
min,0.6202531645569619,0.5915337439121833,0.4434688786064716
25%,0.654956702086111,0.6193634516376866,0.47359530068909184
50%,0.6666666666666667,0.6461627975771151,0.48209381350543146
75%,0.701665827531728,0.6713909355865131,0.5027236062577597
max,0.7458333333333335,0.794655283858583,0.5632940284839133
