{"graph": {"_type": "graph-file", "path": "media/graph/graph_summary_faa408a7.graph.json", "sha256": "faa408a750f7d8241e1aac6d76b510521a96d40ae46417277dae15e1d8ea0edd", "size": 2757}, "f1_score": 0.0, "accuracy": 0.8829072713851929, "loss": 0.0926343731923041, "_step": 0, "_timestamp": 1587820560.855906, "epoch": 0, "mse": 0.01733197271823883, "_runtime": 175.37173295021057, "l2_norm": 0.010374778881669044}
